{"alphaMap":{"1":[920.0,0.0,960.0,18.0,1000.0,66.0,1040.0,128.0,1080.0,186.0,1120.0,235.0,1160.0,252.0,1200.0,222.0,1240.0,176.0,1280.0,125.0,1320.0,77.0,1360.0,31.0,1400.0,0.0],"2":[440.0,0.0,480.0,51.0,520.0,105.0,560.0,201.0,600.0,255.0,640.0,230.0,680.0,166.0,720.0,89.0,760.0,26.0,800.0,0.0],"3":[920.0,0.0,960.0,102.0,1000.0,143.0,1040.0,214.0,1080.0,255.0,1120.0,214.0,1160.0,128.0,1200.0,41.0,1240.0,0.0],"4":[400.0,0.0,440.0,99.0,480.0,255.0],"5":[280.0,255.0,320.0,209.0,360.0,110.0,400.0,23.0,440.0,0.0],"6":[440.0,255.0,480.0,0.0]},"clipIconScale":1.0,"clipIndexOfIcon":0,"clipIndexOfMask":-1,"commonResName":[],"duration":1400,"groupIndex":[0,0,0,0,0,0,0],"height":192.0,"layerCount":7,"mName":"icon_script_specific.json","mType":2,"maskResName":[],"resIndex":[0,1,2,3,4,5,6],"resType":[2,2,2,2,2,2,2],"specificIconIndex":[6,4],"specificResName":{"com.asus.screenrecorder/com.asus.screenrecorder.settings.SettingsActivity":["theme6_screenrecorder_layer7_xmode_bg","theme6_screenrecorder_layer6_xmode_circle","theme6_screenrecorder_layer5_xmode_light","theme6_screenrecorder_layer4_xmode_light","theme6_screenrecorder_layer3_xmode_icon","theme6_screenrecorder_layer2_normal_bg","theme6_screenrecorder_layer1_normal_icon"],"com.asus.soundrecorder/com.asus.soundrecorder.AsusRecorder":["theme6_soundrecorder_layer7_xmode_bg","theme6_soundrecorder_layer6_xmode_circle","theme6_soundrecorder_layer5_xmode_light","theme6_soundrecorder_layer4_xmode_light","theme6_soundrecorder_layer3_xmode_icon","theme6_soundrecorder_layer2_normal_bg","theme6_soundrecorder_layer1_normal_icon"],"com.android.browser/com.tencent.mtt.SplashActivity":["theme6_tencentbrowser_layer7_xmode_bg","theme6_tencentbrowser_layer6_xmode_circle","theme6_tencentbrowser_layer5_xmode_light","theme6_tencentbrowser_layer4_xmode_light","theme6_tencentbrowser_layer3_xmode_icon","theme6_tencentbrowser_layer2_normal_bg","theme6_tencentbrowser_layer1_normal_icon"],"com.asus.cncontacts/com.android.contacts.activities.DialtactsActivity":["theme6_phone_layer7_xmode_bg","theme6_phone_layer6_xmode_circle","theme6_phone_layer5_xmode_light","theme6_phone_layer4_xmode_light","theme6_phone_layer3_xmode_icon","theme6_phone_layer2_normal_bg","theme6_phone_layer1_normal_icon"],"com.asus.contacts/com.android.contacts.activities.PeopleActivity":["theme6_contacts_layer7_xmode_bg","theme6_contacts_layer6_xmode_circle","theme6_contacts_layer5_xmode_light","theme6_contacts_layer4_xmode_light","theme6_contacts_layer3_xmode_icon","theme6_contacts_layer2_normal_bg","theme6_contacts_layer1_normal_icon"],"com.asus.weathertime/com.asus.weathertime.WeatherTimeSettings":["theme6_weather_layer7_xmode_bg","theme6_weather_layer6_xmode_circle","theme6_weather_layer5_xmode_light","theme6_weather_layer4_xmode_light","theme6_weather_layer3_xmode_icon","theme6_weather_layer2_normal_bg","theme6_weather_layer1_normal_icon"],"com.asus.cnmobilemanager/com.asus.cnmobilemanager.entry.FunctionActivity":["theme6_mobilemanager_layer7_xmode_bg","theme6_mobilemanager_layer6_xmode_circle","theme6_mobilemanager_layer5_xmode_light","theme6_mobilemanager_layer4_xmode_light","theme6_mobilemanager_layer3_xmode_icon","theme6_mobilemanager_layer2_normal_bg","theme6_mobilemanager_layer1_normal_icon"],"com.asus.calendar/com.android.calendar.AllInOneActivity":["theme6_calendar_layer7_xmode_bg","theme6_calendar_layer6_xmode_circle","theme6_calendar_layer5_xmode_light","theme6_calendar_layer4_xmode_light","theme6_calendar_layer3_xmode_icon","theme6_calendar_layer2_normal_bg","theme6_calendar_layer1_normal_icon"],"com.asus.smartcalendar/com.asus.smartcalendar.HomeActivity":["theme6_calendar_layer7_xmode_bg","theme6_calendar_layer6_xmode_circle","theme6_calendar_layer5_xmode_light","theme6_calendar_layer4_xmode_light","theme6_calendar_layer3_xmode_icon","theme6_calendar_layer2_normal_bg","theme6_calendar_layer1_normal_icon"],"com.asus.cnsoundrecorder/com.asus.soundrecorder.AsusRecorder":["theme6_soundrecorder_layer7_xmode_bg","theme6_soundrecorder_layer6_xmode_circle","theme6_soundrecorder_layer5_xmode_light","theme6_soundrecorder_layer4_xmode_light","theme6_soundrecorder_layer3_xmode_icon","theme6_soundrecorder_layer2_normal_bg","theme6_soundrecorder_layer1_normal_icon"],"com.android.settings/com.android.settings.Settings":["theme6_settings_layer7_xmode_bg","theme6_settings_layer6_xmode_circle","theme6_settings_layer5_xmode_light","theme6_settings_layer4_xmode_light","theme6_settings_layer3_xmode_icon","theme6_settings_layer2_normal_bg","theme6_settings_layer1_normal_icon"],"com.asus.themeapp/com.asus.themeapp.ThemeAppActivityAlias":["theme6_theme_layer7_xmode_bg","theme6_theme_layer6_xmode_circle","theme6_theme_layer5_xmode_light","theme6_theme_layer4_xmode_light","theme6_theme_layer3_xmode_icon","theme6_theme_layer2_normal_bg","theme6_theme_layer1_normal_icon"],"com.android.stk/com.android.stk.StkMain":["theme6_sim_layer7_xmode_bg","theme6_sim_layer6_xmode_circle","theme6_sim_layer5_xmode_light","theme6_sim_layer4_xmode_light","theme6_sim_layer3_xmode_icon","theme6_sim_layer2_normal_bg","theme6_sim_layer1_normal_icon"],"com.android.stk/com.android.stk.StkLauncherActivity":["theme6_sim_layer7_xmode_bg","theme6_sim_layer6_xmode_circle","theme6_sim_layer5_xmode_light","theme6_sim_layer4_xmode_light","theme6_sim_layer3_xmode_icon","theme6_sim_layer2_normal_bg","theme6_sim_layer1_normal_icon"],"com.tencent.rog.weathertime/com.tencent.rog.weathertime.WeatherTimeSettings":["theme6_weather_layer7_xmode_bg","theme6_weather_layer6_xmode_circle","theme6_weather_layer5_xmode_light","theme6_weather_layer4_xmode_light","theme6_weather_layer3_xmode_icon","theme6_weather_layer2_normal_bg","theme6_weather_layer1_normal_icon"],"com.asus.cnmusic/com.asus.cnmusic.ui.activity.MainActivity":["theme6_music_layer7_xmode_bg","theme6_music_layer6_xmode_circle","theme6_music_layer5_xmode_light","theme6_music_layer4_xmode_light","theme6_music_layer3_xmode_icon","theme6_music_layer2_normal_bg","theme6_music_layer1_normal_icon"],"com.asus.tips/com.asus.tips.TipListActivity":["theme6_rogtips_layer7_xmode_bg","theme6_rogtips_layer6_xmode_circle","theme6_rogtips_layer5_xmode_light","theme6_rogtips_layer4_xmode_light","theme6_rogtips_layer3_xmode_icon","theme6_rogtips_layer2_normal_bg","theme6_rogtips_layer1_normal_icon"],"com.asus.filemanager/com.asus.filemanager.activity.FileManagerActivity":["theme6_filemanager_layer7_xmode_bg","theme6_filemanager_layer6_xmode_circle","theme6_filemanager_layer5_xmode_light","theme6_filemanager_layer4_xmode_light","theme6_filemanager_layer3_xmode_icon","theme6_filemanager_layer2_normal_bg","theme6_filemanager_layer1_normal_icon"],"com.asus.cnfilemanager/com.asus.cnfilemanager.activity.FileManagerActivity":["theme6_filemanager_layer7_xmode_bg","theme6_filemanager_layer6_xmode_circle","theme6_filemanager_layer5_xmode_light","theme6_filemanager_layer4_xmode_light","theme6_filemanager_layer3_xmode_icon","theme6_filemanager_layer2_normal_bg","theme6_filemanager_layer1_normal_icon"],"com.asus.camera/com.asus.camera.CameraApp":["theme6_camera_layer7_xmode_bg","theme6_camera_layer6_xmode_circle","theme6_camera_layer5_xmode_light","theme6_camera_layer4_xmode_light","theme6_camera_layer3_xmode_icon","theme6_camera_layer2_normal_bg","theme6_camera_layer1_normal_icon"],"com.asus.mobilemanager/com.asus.mobilemanager.FunctionActivity":["theme6_mobilemanager_layer7_xmode_bg","theme6_mobilemanager_layer6_xmode_circle","theme6_mobilemanager_layer5_xmode_light","theme6_mobilemanager_layer4_xmode_light","theme6_mobilemanager_layer3_xmode_icon","theme6_mobilemanager_layer2_normal_bg","theme6_mobilemanager_layer1_normal_icon"],"com.asus.gallery/com.asus.gallery.app.EPhotoActivity":["theme6_gallery_layer7_xmode_bg","theme6_gallery_layer6_xmode_circle","theme6_gallery_layer5_xmode_light","theme6_gallery_layer4_xmode_light","theme6_gallery_layer3_xmode_icon","theme6_gallery_layer2_normal_bg","theme6_gallery_layer1_normal_icon"],"com.asus.cncalculator/com.asus.cncalculator.CalculatorActivity":["theme6_calculator_layer7_xmode_bg","theme6_calculator_layer6_xmode_circle","theme6_calculator_layer5_xmode_light","theme6_calculator_layer4_xmode_light","theme6_calculator_layer3_xmode_icon","theme6_calculator_layer2_normal_bg","theme6_calculator_layer1_normal_icon"],"com.futuredial.asusdatatransfer/com.futuredial.asusdatatransfer.LauncherActivity":["theme6_datatransfer_layer7_xmode_bg","theme6_datatransfer_layer6_xmode_circle","theme6_datatransfer_layer5_xmode_light","theme6_datatransfer_layer4_xmode_light","theme6_datatransfer_layer3_xmode_icon","theme6_datatransfer_layer2_normal_bg","theme6_datatransfer_layer1_normal_icon"],"com.asus.rogforum/com.zhiyicx.thinksnsplus.modules.guide.GuideActivity":["theme6_rogforum_layer7_xmode_bg","theme6_rogforum_layer6_xmode_circle","theme6_rogforum_layer5_xmode_light","theme6_rogforum_layer4_xmode_light","theme6_rogforum_layer3_xmode_icon","theme6_rogforum_layer2_normal_bg","theme6_rogforum_layer1_normal_icon"],"com.futuredial.asusdatatransfer/com.futuredial.asusdatatransfer.DefaultLauncherActivity":["theme6_datatransfer_layer7_xmode_bg","theme6_datatransfer_layer6_xmode_circle","theme6_datatransfer_layer5_xmode_light","theme6_datatransfer_layer4_xmode_light","theme6_datatransfer_layer3_xmode_icon","theme6_datatransfer_layer2_normal_bg","theme6_datatransfer_layer1_normal_icon"],"com.asus.gamecenter/com.asus.gamecenter.GameCenterActivity_cn":["theme6_gamecenter_layer7_xmode_bg","theme6_gamecenter_layer6_xmode_circle","theme6_gamecenter_layer5_xmode_light","theme6_gamecenter_layer4_xmode_light","theme6_gamecenter_layer3_xmode_icon","theme6_gamecenter_layer2_normal_bg","theme6_gamecenter_layer1_normal_icon"],"com.asus.gamecenter/com.asus.gamecenter.GameCenterActivity_ww":["theme6_gamecenter_layer7_xmode_bg","theme6_gamecenter_layer6_xmode_circle","theme6_gamecenter_layer5_xmode_light","theme6_gamecenter_layer4_xmode_light","theme6_gamecenter_layer3_xmode_icon","theme6_gamecenter_layer2_normal_bg","theme6_gamecenter_layer1_normal_icon"],"com.asus.cnweathertime/com.asus.cnweathertime.WeatherTimeSettings":["theme6_weather_layer7_xmode_bg","theme6_weather_layer6_xmode_circle","theme6_weather_layer5_xmode_light","theme6_weather_layer4_xmode_light","theme6_weather_layer3_xmode_icon","theme6_weather_layer2_normal_bg","theme6_weather_layer1_normal_icon"],"com.asus.deskclock/com.asus.deskclock.DeskClock":["theme6_clock_layer7_xmode_bg","theme6_clock_layer6_xmode_circle","theme6_clock_layer5_xmode_light","theme6_clock_layer4_xmode_light","theme6_clock_layer3_xmode_icon","theme6_clock_layer2_normal_bg","theme6_clock_layer1_normal_icon"],"com.asus.themeapp/com.asus.themeapp.ThemeAppActivity":["theme6_theme_layer7_xmode_bg","theme6_theme_layer6_xmode_circle","theme6_theme_layer5_xmode_light","theme6_theme_layer4_xmode_light","theme6_theme_layer3_xmode_icon","theme6_theme_layer2_normal_bg","theme6_theme_layer1_normal_icon"],"com.asus.gamecenter/com.asus.gamecenter.GameCenterActivity":["theme6_gamecenter_layer7_xmode_bg","theme6_gamecenter_layer6_xmode_circle","theme6_gamecenter_layer5_xmode_light","theme6_gamecenter_layer4_xmode_light","theme6_gamecenter_layer3_xmode_icon","theme6_gamecenter_layer2_normal_bg","theme6_gamecenter_layer1_normal_icon"],"com.asus.calculator/com.asus.calculator.Calculator":["theme6_calculator_layer7_xmode_bg","theme6_calculator_layer6_xmode_circle","theme6_calculator_layer5_xmode_light","theme6_calculator_layer4_xmode_light","theme6_calculator_layer3_xmode_icon","theme6_calculator_layer2_normal_bg","theme6_calculator_layer1_normal_icon"],"com.iflytek.inputmethod.custom/com.iflytek.inputmethod.LauncherActivity":["theme6_iflykeyboard_layer7_xmode_bg","theme6_iflykeyboard_layer6_xmode_circle","theme6_iflykeyboard_layer5_xmode_light","theme6_iflykeyboard_layer4_xmode_light","theme6_iflykeyboard_layer3_xmode_icon","theme6_iflykeyboard_layer2_normal_bg","theme6_iflykeyboard_layer1_normal_icon"],"com.tencent.southpole.appstore/com.tencent.southpole.appstore.activity.SplashActivity":["theme6_southpolestore_layer7_xmode_bg","theme6_southpolestore_layer6_xmode_circle","theme6_southpolestore_layer5_xmode_light","theme6_southpolestore_layer4_xmode_light","theme6_southpolestore_layer3_xmode_icon","theme6_southpolestore_layer2_normal_bg","theme6_southpolestore_layer1_normal_icon"],"com.asus.cnmessage/com.android.mms.ui.ConversationList":["theme6_messaging_layer7_xmode_bg","theme6_messaging_layer6_xmode_circle","theme6_messaging_layer5_xmode_light","theme6_messaging_layer4_xmode_light","theme6_messaging_layer3_xmode_icon","theme6_messaging_layer2_normal_bg","theme6_messaging_layer1_normal_icon"],"com.asus.cncontacts/com.android.contacts.activities.PeopleActivity":["theme6_contacts_layer7_xmode_bg","theme6_contacts_layer6_xmode_circle","theme6_contacts_layer5_xmode_light","theme6_contacts_layer4_xmode_light","theme6_contacts_layer3_xmode_icon","theme6_contacts_layer2_normal_bg","theme6_contacts_layer1_normal_icon"],"com.moji.tencent.weather/com.moji.mjweather.LauncherActivity":["theme6_weather_layer7_xmode_bg","theme6_weather_layer6_xmode_circle","theme6_weather_layer5_xmode_light","theme6_weather_layer4_xmode_light","theme6_weather_layer3_xmode_icon","theme6_weather_layer2_normal_bg","theme6_weather_layer1_normal_icon"],"com.tencent.southpole.appearance/com.tencent.southpole.appearance.theme.MainActivity":["theme6_theme_layer7_xmode_bg","theme6_theme_layer6_xmode_circle","theme6_theme_layer5_xmode_light","theme6_theme_layer4_xmode_light","theme6_theme_layer3_xmode_icon","theme6_theme_layer2_normal_bg","theme6_theme_layer1_normal_icon"],"com.asus.mobilemanager/com.asus.mobilemanager.entry.FunctionActivity":["theme6_mobilemanager_layer7_xmode_bg","theme6_mobilemanager_layer6_xmode_circle","theme6_mobilemanager_layer5_xmode_light","theme6_mobilemanager_layer4_xmode_light","theme6_mobilemanager_layer3_xmode_icon","theme6_mobilemanager_layer2_normal_bg","theme6_mobilemanager_layer1_normal_icon"],"com.android.settings/com.android.settings.homepage.SettingsHomepageActivity":["theme6_settings_layer7_xmode_bg","theme6_settings_layer6_xmode_circle","theme6_settings_layer5_xmode_light","theme6_settings_layer4_xmode_light","theme6_settings_layer3_xmode_icon","theme6_settings_layer2_normal_bg","theme6_settings_layer1_normal_icon"],"com.asus.contacts/com.android.contacts.activities.DialtactsActivity":["theme6_phone_layer7_xmode_bg","theme6_phone_layer6_xmode_circle","theme6_phone_layer5_xmode_light","theme6_phone_layer4_xmode_light","theme6_phone_layer3_xmode_icon","theme6_phone_layer2_normal_bg","theme6_phone_layer1_normal_icon"],"com.asus.dialer/com.android.contacts.activities.DialtactsActivity":["theme6_phone_layer7_xmode_bg","theme6_phone_layer6_xmode_circle","theme6_phone_layer5_xmode_light","theme6_phone_layer4_xmode_light","theme6_phone_layer3_xmode_icon","theme6_phone_layer2_normal_bg","theme6_phone_layer1_normal_icon"],"com.asus.voiceassist/com.asus.voiceassist.apphome.HomeActivity":["theme6_rogvoiceassistant_layer7_xmode_bg","theme6_rogvoiceassistant_layer6_xmode_circle","theme6_rogvoiceassistant_layer5_xmode_light","theme6_rogvoiceassistant_layer4_xmode_light","theme6_rogvoiceassistant_layer3_xmode_icon","theme6_rogvoiceassistant_layer2_normal_bg","theme6_rogvoiceassistant_layer1_normal_icon"],"com.tencent.southpole.note/com.tencent.southpole.note.activity.NoteListActivity":["theme6_notes_layer7_xmode_bg","theme6_notes_layer6_xmode_circle","theme6_notes_layer5_xmode_light","theme6_notes_layer4_xmode_light","theme6_notes_layer3_xmode_icon","theme6_notes_layer2_normal_bg","theme6_notes_layer1_normal_icon"],"com.asus.nfccard/com.asus.nfccard.activity.WelcomeNfcSplashActivity":["theme6_nfc_layer7_xmode_bg","theme6_nfc_layer6_xmode_circle","theme6_nfc_layer5_xmode_light","theme6_nfc_layer4_xmode_light","theme6_nfc_layer3_xmode_icon","theme6_nfc_layer2_normal_bg","theme6_nfc_layer1_normal_icon"],"com.asus.music/com.asus.music.MusicMainActivity":["theme6_music_layer7_xmode_bg","theme6_music_layer6_xmode_circle","theme6_music_layer5_xmode_light","theme6_music_layer4_xmode_light","theme6_music_layer3_xmode_icon","theme6_music_layer2_normal_bg","theme6_music_layer1_normal_icon"],"com.asus.music/com.asus.music.ui.MusicMainActivity":["theme6_music_layer7_xmode_bg","theme6_music_layer6_xmode_circle","theme6_music_layer5_xmode_light","theme6_music_layer4_xmode_light","theme6_music_layer3_xmode_icon","theme6_music_layer2_normal_bg","theme6_music_layer1_normal_icon"],"com.asus.cndeskclock/com.asus.deskclock.DeskClock":["theme6_clock_layer7_xmode_bg","theme6_clock_layer6_xmode_circle","theme6_clock_layer5_xmode_light","theme6_clock_layer4_xmode_light","theme6_clock_layer3_xmode_icon","theme6_clock_layer2_normal_bg","theme6_clock_layer1_normal_icon"],"com.asus.message/com.android.mms.ui.ConversationList":["theme6_messaging_layer7_xmode_bg","theme6_messaging_layer6_xmode_circle","theme6_messaging_layer5_xmode_light","theme6_messaging_layer4_xmode_light","theme6_messaging_layer3_xmode_icon","theme6_messaging_layer2_normal_bg","theme6_messaging_layer1_normal_icon"],"com.android.browser/com.opera.android.OperaStartActivity":["theme6_tencentbrowser_layer7_xmode_bg","theme6_tencentbrowser_layer6_xmode_circle","theme6_tencentbrowser_layer5_xmode_light","theme6_tencentbrowser_layer4_xmode_light","theme6_tencentbrowser_layer3_xmode_icon","theme6_tencentbrowser_layer2_normal_bg","theme6_tencentbrowser_layer1_normal_icon"]},"width":192.0,"xScaleMap":{"0":[360.0,0.76,400.0,0.902,440.0,0.978,480.0,1.0],"2":[440.0,0.87,480.0,0.76,520.0,0.822,560.0,0.938,600.0,1.0],"4":[440.0,0.7,480.0,0.941,520.0,1.0],"5":[160.0,1.0,200.0,0.962,240.0,0.88,280.0,0.798,320.0,0.76],"6":[80.0,1.0,120.0,0.978,160.0,0.922,200.0,0.85,240.0,0.778,280.0,0.722,320.0,0.7]},"yScaleMap":{"0":[360.0,0.76,400.0,0.902,440.0,0.978,480.0,1.0],"2":[440.0,0.87,480.0,0.76,520.0,0.822,560.0,0.938,600.0,1.0],"4":[440.0,0.7,480.0,0.941,520.0,1.0],"5":[160.0,1.0,200.0,0.962,240.0,0.88,280.0,0.798,320.0,0.76],"6":[80.0,1.0,120.0,0.978,160.0,0.922,200.0,0.85,240.0,0.778,280.0,0.722,320.0,0.7]}}