{"clipIconScale":1.0,"clipIndexOfIcon":0,"clipIndexOfMask":-1,"commonResName":["theme6_folder"],"duration":1400,"groupIndex":[0],"height":192.0,"layerCount":1,"mName":"icon_script_folder_bg.json","mType":3,"maskResName":[],"resIndex":[0],"resType":[1],"width":192.0,"xScaleMap":{"0":[160.0,1.0,200.0,0.962,240.0,0.88,280.0,0.798,320.0,0.76,360.0,0.76,400.0,0.902,440.0,0.978,480.0,1.0]},"yScaleMap":{"0":[160.0,1.0,200.0,0.962,240.0,0.88,280.0,0.798,320.0,0.76,360.0,0.76,400.0,0.902,440.0,0.978,480.0,1.0]}}