{
  "pkg_version": "1.01",
  "live_wallpaper_name": "com.asus.livewallpaper.rog7.darkmatterflow/com.asus.livewallpaper.rog7.darkmatterflow.ROGLiveWallpaperService",
  "live_wallpaper_clear_lock": true,
  "detail_page_images": {
    "app_icon": "ic_launcher.png",
    "previews": []
  },
  "picker_preview_images": [
    "asus_launcher_lock_portrait_cn_white_preview.webp",
    "asus_launcher_lock_portrait_cn_dark_preview.webp",
    "asus_launcher_lock_landscape_cn_white_preview.webp",
    "asus_launcher_lock_landscape_cn_dark_preview.webp",
    "asus_launcher_lock_portrait_ww_white_preview.webp",
    "asus_launcher_lock_portrait_ww_dark_preview.webp",
    "asus_launcher_lock_landscape_ww_white_preview.webp",
    "asus_launcher_lock_landscape_ww_dark_preview.webp",
    "asus_launcher_home_portrait_cn_white_preview.webp",
    "asus_launcher_home_portrait_cn_dark_preview.webp",
    "asus_launcher_home_landscape_cn_white_preview.webp",
    "asus_launcher_home_landscape_cn_dark_preview.webp",
    "asus_launcher_home_portrait_ww_white_preview.webp",
    "asus_launcher_home_portrait_ww_dark_preview.webp",
    "asus_launcher_home_landscape_ww_white_preview.webp",
    "asus_launcher_home_landscape_ww_dark_preview.webp",
    "asus_launcher_home_portrait_icon.webp",
    "asus_launcher_home_landscape_icon.webp"
  ],
  "has_animated_icon": true,
  "applied_info": {
    "app_name": "Dark Matter Flow",
    "asus_launcher_folder_icon_bg_inner": "asus_launcher_ic_folder.webp",
    "global_main_color": "#de6231",
    "folder_preview_style": 0,
    "shadow_large_color": "#E6000000",
    "global_text_color": "#FFFFFF",
    "asus_launcher_color_badge_text": "#FFFFFFFF",
    "asus_launcher_color_folder_name_text": "#FF33B5E5",
    "asus_launcher_light_status_bar": false,
    "global_highlight_color": "#cc0022",
    "folder_square": "asus_launcher_ic_folder.webp",
    "asus_launcher_color_badge_vip_text": "#FFFFFFFF",
    "global_background_color": "#000000",
    "shadow_enabled": true,
    "asus_launcher_icon_label_color": "#FFFFFF",
    "appfilter": {
      "scale factor": 1.08,
      "adaptive scale factor": 1.08,
      "iconback1": "asus_launcher_ic_back.webp",
      "iconmask1": "asus_launcher_ic_mask.webp",
      "iconupon1": "asus_launcher_ic_upon.webp",
      "ComponentInfo{com.asus.themeapp/com.asus.themeapp.ThemeAppActivityAlias}": "asus_launcher_ic_theme.webp",
      "ComponentInfo{com.android.stk/com.android.stk.StkMain}": "asus_launcher_ic_sim.webp",
      "ComponentInfo{com.tencent.southpole.appearance/com.tencent.southpole.appearance.theme.MainActivity}": "asus_launcher_ic_theme.webp",
      "ComponentInfo{com.asus.cnmobilemanager/com.asus.cnmobilemanager.entry.FunctionActivity}": "asus_launcher_ic_mobilemanager.webp",
      "ComponentInfo{com.asus.camera/com.asus.camera.CameraApp}": "asus_launcher_ic_camera.webp",
      "ComponentInfo{com.asus.music/com.asus.music.MusicMainActivity}": "asus_launcher_ic_music.webp",
      "ComponentInfo{com.asus.asusoptiflex/com.asus.asusoptiflex.AsusOptiFlexActivity}": "asus_launcher_ic_optiflex.webp",
      "ComponentInfo{com.asus.asusbacktap/com.asus.asusbacktap.BackTapActivity}": "asus_launcher_ic_backdoubletap.webp",
      "ComponentInfo{com.asus.calculator/com.asus.calculator.Calculator}": "asus_launcher_ic_calculator.webp",
      "ComponentInfo{com.asus.voiceassist/com.asus.voiceassist.apphome.HomeActivity}": "asus_launcher_ic_voiceassist.webp",
      "ComponentInfo{com.asus.smartcalendar/com.asus.smartcalendar.HomeActivity}": "asus_launcher_ic_calendar.webp",
      "ComponentInfo{com.android.settings/com.android.settings.homepage.SettingsHomepageActivity}": "asus_launcher_ic_settings.webp",
      "ComponentInfo{com.asus.cndeskclock/com.asus.deskclock.DeskClock}": "asus_launcher_ic_clock.webp",
      "ComponentInfo{com.asus.tips/com.asus.tips.TipListActivity}": "asus_launcher_ic_rogtips.webp",
      "ComponentInfo{com.asus.mobilemanager/com.asus.mobilemanager.entry.FunctionActivity}": "asus_launcher_ic_mobilemanager.webp",
      "ComponentInfo{com.moji.tencent.weather/com.moji.mjweather.LauncherActivity}": "asus_launcher_ic_weather.webp",
      "ComponentInfo{com.asus.weathertime/com.asus.weathertime.WeatherTimeSettings}": "asus_launcher_ic_weather.webp",
      "ComponentInfo{com.asus.lockscreenshortcut/com.asus.lockscreenshortcut.ui.ShortcutSettingActivity}": "asus_launcher_ic_lockscreenshortcut.webp",
      "ComponentInfo{com.asus.systemcolor/com.asus.systemcolor.dynamiccolor.WallpaperColorActivity}": "asus_launcher_ic_wallpaperandstyle.webp",
      "ComponentInfo{com.asus.message/com.android.mms.ui.ConversationList}": "asus_launcher_ic_messaging.webp",
      "ComponentInfo{com.android.settings/com.android.settings.Settings}": "asus_launcher_ic_settings.webp",
      "ComponentInfo{com.tencent.southpole.appstore/com.tencent.southpole.appstore.activity.SplashActivity}": "asus_launcher_ic_southpolestore.webp",
      "ComponentInfo{com.asus.splendid/com.asus.splendid.Launcher}": "asus_launcher_ic_splendid.webp",
      "ComponentInfo{com.asus.dialer/com.android.contacts.activities.DialtactsActivity}": "asus_launcher_ic_phone.webp",
      "ComponentInfo{com.asus.gamecenter/com.asus.gamecenter.GameCenterActivity_ww}": "asus_launcher_ic_gamecenter.webp",
      "ComponentInfo{com.asus.deskclock/com.asus.deskclock.DeskClock}": "asus_launcher_ic_clock.webp",
      "ComponentInfo{com.asus.rogforum/com.zhiyicx.thinksnsplus.modules.guide.GuideActivity}": "asus_launcher_ic_rogforum.webp",
      "ComponentInfo{com.asus.cnmessage/com.android.mms.ui.ConversationList}": "asus_launcher_ic_messaging.webp",
      "ComponentInfo{com.android.browser/com.opera.android.OperaStartActivity}": "asus_launcher_ic_tencentbrowser.webp",
      "ComponentInfo{com.futuredial.asuslocalbackup/com.futuredial.asuslocalbackup.LauncherActivity}": "asus_launcher_ic_localbackup.webp",
      "ComponentInfo{com.asus.cnmusic/com.asus.cnmusic.ui.activity.MainActivity}": "asus_launcher_ic_music.webp",
      "ComponentInfo{com.asus.cncalculator/com.asus.cncalculator.CalculatorActivity}": "asus_launcher_ic_calculator.webp",
      "ComponentInfo{com.asus.gallery/com.asus.gallery.app.EPhotoActivity}": "asus_launcher_ic_gallery.webp",
      "ComponentInfo{com.asus.filemanager/com.asus.filemanager.activity.FileManagerActivity}": "asus_launcher_ic_filemanager.webp",
      "ComponentInfo{com.asus.nfccard/com.asus.nfccard.activity.WelcomeNfcSplashActivity}": "asus_launcher_ic_nfc.webp",
      "ComponentInfo{com.asus.cnfilemanager/com.asus.cnfilemanager.activity.FileManagerActivity}": "asus_launcher_ic_filemanager.webp",
      "ComponentInfo{com.android.stk/com.android.stk.StkLauncherActivity}": "asus_launcher_ic_sim.webp",
      "ComponentInfo{com.asus.airtriggers/com.asus.airtriggers.MainActivity}": "asus_launcher_ic_airtrigger.webp",
      "ComponentInfo{com.asus.cncontacts/com.android.contacts.activities.DialtactsActivity}": "asus_launcher_ic_phone.webp",
      "ComponentInfo{com.asus.cnweathertime/com.asus.cnweathertime.WeatherTimeSettings}": "asus_launcher_ic_weather.webp",
      "ComponentInfo{com.asus.calendar/com.android.calendar.AllInOneActivity}": "asus_launcher_ic_calendar.webp",
      "ComponentInfo{com.tencent.southpole.note/com.tencent.southpole.note.activity.NoteListActivity}": "asus_launcher_ic_notes.webp",
      "ComponentInfo{com.asus.UpdateLauncher/com.asus.UpdateLauncher.UpdateLauncher}": "asus_launcher_ic_updatelauncher.webp",
      "ComponentInfo{com.asus.themeapp/com.asus.themeapp.ThemeAppActivity}": "asus_launcher_ic_theme.webp",
      "ComponentInfo{com.asus.gamecenter/com.asus.gamecenter.GameCenterActivity_cn}": "asus_launcher_ic_gamecenter.webp",
      "ComponentInfo{com.asus.alwayson/com.asus.alwayson.settings.AlwaysOnSettingsActivity}": "asus_launcher_ic_alwayson.webp",
      "ComponentInfo{com.tencent.rog.weathertime/com.tencent.rog.weathertime.WeatherTimeSettings}": "asus_launcher_ic_weather.webp",
      "ComponentInfo{com.futuredial.asusdatatransfer/com.futuredial.asusdatatransfer.DefaultLauncherActivity}": "asus_launcher_ic_datatransfer.webp",
      "ComponentInfo{com.asus.mobilemanager/com.asus.mobilemanager.FunctionActivity}": "asus_launcher_ic_mobilemanager.webp",
      "ComponentInfo{com.asus.soundrecorder/com.asus.soundrecorder.AsusRecorder}": "asus_launcher_ic_soundrecorder.webp",
      "ComponentInfo{com.asus.gamecenter/com.asus.gamecenter.GameCenterActivity}": "asus_launcher_ic_gamecenter.webp",
      "ComponentInfo{com.asus.music/com.asus.music.ui.MusicMainActivity}": "asus_launcher_ic_music.webp",
      "ComponentInfo{com.android.systemui/com.asus.systemui.freeform.shortcut.settings.FreeformShortcutSettingsMainActivity}": "asus_launcher_ic_edgetool.webp",
      "ComponentInfo{com.asus.cncontacts/com.android.contacts.activities.PeopleActivity}": "asus_launcher_ic_contacts.webp",
      "ComponentInfo{com.android.browser/com.tencent.mtt.SplashActivity}": "asus_launcher_ic_tencentbrowser.webp",
      "ComponentInfo{com.iflytek.inputmethod.custom/com.iflytek.inputmethod.LauncherActivity}": "asus_launcher_ic_iflykeyboard.webp",
      "ComponentInfo{com.asus.contacts/com.android.contacts.activities.DialtactsActivity}": "asus_launcher_ic_phone.webp",
      "ComponentInfo{com.asus.screenrecorder/com.asus.screenrecorder.settings.SettingsActivity}": "asus_launcher_ic_screenrecorder.webp",
      "ComponentInfo{com.tencent.southpole.wallpapers/com.tencent.southpole.wallpapers.MainActivity}": "asus_launcher_ic_slideshow.webp",
      "ComponentInfo{com.asus.splendid/com.asus.splendid.AsusSplendidActivity}": "asus_launcher_ic_splendid.webp",
      "ComponentInfo{com.asus.contacts/com.android.contacts.activities.PeopleActivity}": "asus_launcher_ic_contacts.webp",
      "ComponentInfo{com.asus.cnsoundrecorder/com.asus.soundrecorder.AsusRecorder}": "asus_launcher_ic_soundrecorder.webp",
      "ComponentInfo{com.futuredial.asusdatatransfer/com.futuredial.asusdatatransfer.LauncherActivity}": "asus_launcher_ic_datatransfer.webp"
    }
  }
}